"","Task","Level","sessions","ACC","trainning_times","Subj.num"
"121","Switching",1,2,91,1,"S070"
"241","Switching",1,3,100,2,"S070"
"361","Switching",1,4,100,3,"S070"
"482","Switching",2,5,100,4,"S070"
"602","Switching",2,6,71,5,"S070"
"842","Switching",2,8,74,6,"S070"
"1202","Switching",2,11,61,7,"S070"
"1322","Switching",2,12,69,8,"S070"
"1562","Switching",2,14,61,9,"S070"
"1682","Switching",2,15,68,10,"S070"
"1922","Switching",2,17,73,11,"S070"
"2042","Switching",2,18,81,12,"S070"
"2402","Switching",2,21,83,13,"S070"
"2642","Switching",2,23,80,14,"S070"
"1","Inhibition",5,1,100,1,"S070"
"289","Inhibition",5,3,100,2,"S070"
"433","Inhibition",5,4,99,3,"S070"
"578","Inhibition",1,5,100,4,"S070"
"866","Inhibition",1,7,100,5,"S070"
"1154","Inhibition",1,9,99,6,"S070"
"1299","Inhibition",2,10,86,7,"S070"
"1587","Inhibition",2,12,89,8,"S070"
"1731","Inhibition",2,13,82,9,"S070"
"2020","Inhibition",3,15,88,10,"S070"
"2164","Inhibition",3,16,88,11,"S070"
"2452","Inhibition",3,18,95,12,"S070"
"2597","Inhibition",4,19,88,13,"S070"
"2885","Inhibition",4,21,87,14,"S070"
"3029","Inhibition",4,22,92,15,"S070"
"11","Nback",1,1,100,1,"S070"
"145","Nback",1,2,97,2,"S070"
"721","Nback",1,6,100,3,"S070"
"8661","Nback",2,7,100,4,"S070"
"1010","Nback",2,8,95,5,"S070"
"11541","Nback",2,9,97,6,"S070"
"12991","Nback",3,10,87,7,"S070"
"1443","Nback",3,11,89,8,"S070"
"17311","Nback",3,13,84,9,"S070"
"1876","Nback",4,14,81,10,"S070"
"21641","Nback",4,16,93,11,"S070"
"2308","Nback",4,17,93,12,"S070"
"25971","Nback",5,19,93,13,"S070"
"30291","Nback",5,22,81,14,"S070"
"3173","Nback",5,23,90,15,"S070"
"1211","Switching",1,2,100,1,"S072"
"2411","Switching",1,3,100,2,"S072"
"3611","Switching",1,4,100,3,"S072"
"4821","Switching",2,5,70,4,"S072"
"6021","Switching",2,6,79,5,"S072"
"8421","Switching",2,8,80,6,"S072"
"12021","Switching",2,11,86,7,"S072"
"13221","Switching",2,12,89,8,"S072"
"1563","Switching",3,14,93,9,"S072"
"1683","Switching",3,15,95,10,"S072"
"1923","Switching",3,17,97,11,"S072"
"2044","Switching",4,18,88,12,"S072"
"2284","Switching",4,20,88,13,"S072"
"2404","Switching",4,21,93,14,"S072"
"2645","Switching",5,23,88,15,"S072"
"2891","Inhibition",4,3,100,1,"S072"
"4331","Inhibition",4,4,97,2,"S072"
"577","Inhibition",4,5,100,3,"S072"
"8662","Inhibition",1,7,99,4,"S072"
"11542","Inhibition",1,9,100,5,"S072"
"1298","Inhibition",1,10,100,6,"S072"
"15871","Inhibition",2,12,97,7,"S072"
"2019","Inhibition",2,15,94,8,"S072"
"2451","Inhibition",2,18,99,9,"S072"
"2596","Inhibition",3,19,92,10,"S072"
"2884","Inhibition",3,21,92,11,"S072"
"3028","Inhibition",3,22,95,12,"S072"
"1451","Nback",1,2,100,1,"S072"
"7211","Nback",1,6,100,2,"S072"
"865","Nback",1,7,100,3,"S072"
"10101","Nback",2,8,100,4,"S072"
"115411","Nback",2,9,100,5,"S072"
"12981","Nback",2,10,100,6,"S072"
"14431","Nback",3,11,95,7,"S072"
"1875","Nback",3,14,94,8,"S072"
"2307","Nback",3,17,92,9,"S072"
"25961","Nback",4,19,100,10,"S072"
"2740","Nback",4,20,100,11,"S072"
"30281","Nback",4,22,100,12,"S072"
"31731","Nback",5,23,88,13,"S072"
"1212","Switching",1,2,84,1,"S074"
"3612","Switching",1,4,97,2,"S074"
"481","Switching",1,5,100,3,"S074"
"6022","Switching",2,6,66,4,"S074"
"8422","Switching",2,8,69,5,"S074"
"12022","Switching",2,11,66,6,"S074"
"13222","Switching",2,12,66,7,"S074"
"15621","Switching",2,14,71,8,"S074"
"19221","Switching",2,17,71,9,"S074"
"20421","Switching",2,18,73,10,"S074"
"12","Inhibition",5,1,100,1,"S074"
"4332","Inhibition",5,4,99,2,"S074"
"5771","Inhibition",5,5,100,3,"S074"
"722","Inhibition",1,6,100,4,"S074"
"8663","Inhibition",1,7,100,5,"S074"
"11543","Inhibition",1,9,100,6,"S074"
"12992","Inhibition",2,10,100,7,"S074"
"15872","Inhibition",2,12,100,8,"S074"
"17312","Inhibition",2,13,97,9,"S074"
"21642","Inhibition",3,16,93,10,"S074"
"24521","Inhibition",3,18,97,11,"S074"
"25962","Inhibition",3,19,97,12,"S074"
"30292","Inhibition",4,22,95,13,"S074"
"111","Nback",1,1,98,1,"S074"
"1452","Nback",1,2,100,2,"S074"
"7212","Nback",1,6,100,3,"S074"
"86611","Nback",2,7,96,4,"S074"
"10102","Nback",2,8,96,5,"S074"
"115412","Nback",2,9,97,6,"S074"
"129911","Nback",3,10,85,7,"S074"
"14432","Nback",3,11,76,8,"S074"
"173111","Nback",3,13,79,9,"S074"
"18761","Nback",4,14,76,10,"S074"
"216411","Nback",4,16,68,11,"S074"
"23081","Nback",4,17,61,12,"S074"
"259611","Nback",4,19,66,13,"S074"
"30282","Nback",4,22,83,14,"S074"
"1213","Switching",1,2,99,1,"S076"
"2412","Switching",1,3,99,2,"S076"
"3613","Switching",1,4,100,3,"S076"
"4822","Switching",2,5,100,4,"S076"
"6023","Switching",2,6,73,5,"S076"
"8423","Switching",2,8,81,6,"S076"
"12023","Switching",2,11,61,7,"S076"
"13223","Switching",2,12,63,8,"S076"
"15622","Switching",2,14,73,9,"S076"
"16821","Switching",2,15,77,10,"S076"
"19222","Switching",2,17,64,11,"S076"
"20422","Switching",2,18,70,12,"S076"
"2282","Switching",2,20,64,13,"S076"
"26421","Switching",2,23,64,14,"S076"
"13","Inhibition",5,1,100,1,"S076"
"2892","Inhibition",5,3,97,2,"S076"
"4333","Inhibition",5,4,100,3,"S076"
"5781","Inhibition",1,5,99,4,"S076"
"8664","Inhibition",1,7,99,5,"S076"
"11544","Inhibition",1,9,100,6,"S076"
"12993","Inhibition",2,10,100,7,"S076"
"15873","Inhibition",2,12,99,8,"S076"
"20191","Inhibition",2,15,99,9,"S076"
"21643","Inhibition",3,16,96,10,"S076"
"24522","Inhibition",3,18,96,11,"S076"
"25963","Inhibition",3,19,97,12,"S076"
"30293","Inhibition",4,22,96,13,"S076"
"112","Nback",1,1,100,1,"S076"
"1453","Nback",1,2,100,2,"S076"
"7213","Nback",1,6,100,3,"S076"
"86612","Nback",2,7,97,4,"S076"
"10103","Nback",2,8,99,5,"S076"
"115413","Nback",2,9,100,6,"S076"
"129912","Nback",3,10,89,7,"S076"
"14433","Nback",3,11,91,8,"S076"
"18751","Nback",3,14,95,9,"S076"
"216412","Nback",4,16,90,10,"S076"
"23082","Nback",4,17,99,11,"S076"
"259612","Nback",4,19,99,12,"S076"
"2741","Nback",5,20,94,13,"S076"
"302911","Nback",5,22,92,14,"S076"
"31732","Nback",5,23,94,15,"S076"
"2413","Switching",1,3,100,1,"S080"
"4811","Switching",1,5,100,2,"S080"
"601","Switching",1,6,100,3,"S080"
"8424","Switching",2,8,89,4,"S080"
"12024","Switching",2,11,84,5,"S080"
"13224","Switching",2,12,86,6,"S080"
"15631","Switching",3,14,93,7,"S080"
"16831","Switching",3,15,93,8,"S080"
"19231","Switching",3,17,94,9,"S080"
"20441","Switching",4,18,98,10,"S080"
"22841","Switching",4,20,94,11,"S080"
"24041","Switching",4,21,95,12,"S080"
"26451","Switching",5,23,82,13,"S080"
"14","Inhibition",5,1,100,1,"S080"
"2893","Inhibition",5,3,100,2,"S080"
"5772","Inhibition",5,5,99,3,"S080"
"8665","Inhibition",1,7,100,4,"S080"
"11545","Inhibition",1,9,100,5,"S080"
"12982","Inhibition",1,10,100,6,"S080"
"15874","Inhibition",2,12,97,7,"S080"
"17313","Inhibition",2,13,100,8,"S080"
"20192","Inhibition",2,15,100,9,"S080"
"21644","Inhibition",3,16,100,10,"S080"
"24523","Inhibition",3,18,100,11,"S080"
"25964","Inhibition",3,19,99,12,"S080"
"28851","Inhibition",4,21,92,13,"S080"
"30294","Inhibition",4,22,92,14,"S080"
"113","Nback",1,1,100,1,"S080"
"7214","Nback",1,6,100,2,"S080"
"8651","Nback",1,7,100,3,"S080"
"10104","Nback",2,8,96,4,"S080"
"115414","Nback",2,9,98,5,"S080"
"129811","Nback",2,10,100,6,"S080"
"14434","Nback",3,11,87,7,"S080"
"173112","Nback",3,13,84,8,"S080"
"18752","Nback",3,14,94,9,"S080"
"216413","Nback",4,16,95,10,"S080"
"23083","Nback",4,17,97,11,"S080"
"259613","Nback",4,19,99,12,"S080"
"27411","Nback",5,20,90,13,"S080"
"302912","Nback",5,22,95,14,"S080"
"31733","Nback",5,23,94,15,"S080"
"1214","Switching",1,2,99,1,"S082"
"2414","Switching",1,3,99,2,"S082"
"3614","Switching",1,4,100,3,"S082"
"4823","Switching",2,5,100,4,"S082"
"6024","Switching",2,6,76,5,"S082"
"8425","Switching",2,8,76,6,"S082"
"12025","Switching",2,11,80,7,"S082"
"13225","Switching",2,12,87,8,"S082"
"15623","Switching",2,14,89,9,"S082"
"16832","Switching",3,15,94,10,"S082"
"19232","Switching",3,17,97,11,"S082"
"2043","Switching",3,18,99,12,"S082"
"22842","Switching",4,20,90,13,"S082"
"24042","Switching",4,21,94,14,"S082"
"2644","Switching",4,23,93,15,"S082"
"2894","Inhibition",4,3,80,1,"S082"
"4334","Inhibition",4,4,100,2,"S082"
"5773","Inhibition",4,5,100,3,"S082"
"8666","Inhibition",1,7,41,4,"S082"
"12983","Inhibition",1,10,17,5,"S082"
"1586","Inhibition",1,12,100,6,"S082"
"1730","Inhibition",1,13,100,7,"S082"
"2018","Inhibition",1,15,99,8,"S082"
"2163","Inhibition",2,16,98,9,"S082"
"24511","Inhibition",2,18,99,10,"S082"
"2595","Inhibition",2,19,97,11,"S082"
"28841","Inhibition",3,21,94,12,"S082"
"1454","Nback",1,2,100,1,"S082"
"7215","Nback",1,6,100,2,"S082"
"86613","Nback",2,7,97,3,"S082"
"10105","Nback",2,8,94,4,"S082"
"129812","Nback",2,10,98,5,"S082"
"14435","Nback",3,11,81,6,"S082"
"17314","Nback",3,13,81,7,"S082"
"18753","Nback",3,14,87,8,"S082"
"21645","Nback",4,16,89,9,"S082"
"23084","Nback",4,17,91,10,"S082"
"25965","Nback",4,19,95,11,"S082"
"27412","Nback",5,20,87,12,"S082"
"31734","Nback",5,23,93,13,"S082"
"1215","Switching",1,2,94,1,"S083"
"2415","Switching",1,3,100,2,"S083"
"3615","Switching",1,4,99,3,"S083"
"4824","Switching",2,5,100,4,"S083"
"6025","Switching",2,6,66,5,"S083"
"8426","Switching",2,8,67,6,"S083"
"12026","Switching",2,11,76,7,"S083"
"13226","Switching",2,12,79,8,"S083"
"15624","Switching",2,14,77,9,"S083"
"16822","Switching",2,15,80,10,"S083"
"19223","Switching",2,17,83,11,"S083"
"20431","Switching",3,18,81,12,"S083"
"2283","Switching",3,20,77,13,"S083"
"2403","Switching",3,21,87,14,"S083"
"26441","Switching",4,23,83,15,"S083"
"15","Inhibition",5,1,100,1,"S083"
"2895","Inhibition",5,3,100,2,"S083"
"4335","Inhibition",5,4,100,3,"S083"
"5782","Inhibition",1,5,100,4,"S083"
"8667","Inhibition",1,7,100,5,"S083"
"11546","Inhibition",1,9,100,6,"S083"
"12994","Inhibition",2,10,94,7,"S083"
"15875","Inhibition",2,12,96,8,"S083"
"17315","Inhibition",2,13,96,9,"S083"
"20201","Inhibition",3,15,95,10,"S083"
"21646","Inhibition",3,16,95,11,"S083"
"24524","Inhibition",3,18,98,12,"S083"
"25972","Inhibition",4,19,78,13,"S083"
"28852","Inhibition",4,21,83,14,"S083"
"30295","Inhibition",4,22,82,15,"S083"
"114","Nback",1,1,100,1,"S083"
"1455","Nback",1,2,100,2,"S083"
"7216","Nback",1,6,97,3,"S083"
"86614","Nback",2,7,100,4,"S083"
"10106","Nback",2,8,99,5,"S083"
"115415","Nback",2,9,98,6,"S083"
"129913","Nback",3,10,86,7,"S083"
"14436","Nback",3,11,86,8,"S083"
"173113","Nback",3,13,88,9,"S083"
"18762","Nback",4,14,90,10,"S083"
"216414","Nback",4,16,92,11,"S083"
"23085","Nback",4,17,90,12,"S083"
"259711","Nback",5,19,88,13,"S083"
"27413","Nback",5,20,89,14,"S083"
"302913","Nback",5,22,87,15,"S083"
"3174","Nback",6,23,87,16,"S083"
"17","NBack",1,1,100,1,"S401"
"2","NBack",1,2,100,2,"S401"
"3","NBack",1,3,100,3,"S401"
"4","NBack",2,4,100,4,"S401"
"5","NBack",2,5,99,5,"S401"
"6","NBack",2,6,100,6,"S401"
"9","NBack",3,9,82,7,"S401"
"10","NBack",3,10,78,8,"S401"
"115","NBack",3,11,85,9,"S401"
"1210","NBack",4,12,94,10,"S401"
"136","NBack",4,13,77,11,"S401"
"146","NBack",4,14,90,12,"S401"
"1510","NBack",5,15,80,13,"S401"
"16","NBack",5,16,81,14,"S401"
"18","Switching",1,1,91,15,"S401"
"19","Switching",1,2,97,16,"S401"
"20","Switching",1,3,100,17,"S401"
"21","Switching",2,4,63,1,"S401"
"22","Switching",2,5,71,2,"S401"
"23","Switching",2,6,64,3,"S401"
"25","Switching",2,8,70,4,"S401"
"26","Switching",2,9,66,5,"S401"
"27","Switching",2,10,74,6,"S401"
"28","Switching",2,11,66,7,"S401"
"29","Switching",2,12,70,8,"S401"
"30","Switching",2,13,67,9,"S401"
"31","Switching",2,14,54,10,"S401"
"32","Switching",2,15,71,11,"S401"
"33","Switching",2,16,69,12,"S401"
"34","Inhibition",1,1,99,13,"S401"
"35","Inhibition",1,2,99,14,"S401"
"36","Inhibition",1,3,99,15,"S401"
"37","Inhibition",2,4,96,16,"S401"
"38","Inhibition",2,5,100,1,"S401"
"39","Inhibition",2,6,100,2,"S401"
"41","Inhibition",3,8,95,3,"S401"
"42","Inhibition",3,9,98,4,"S401"
"43","Inhibition",3,10,86,5,"S401"
"44","Inhibition",4,11,98,6,"S401"
"45","Inhibition",4,12,97,7,"S401"
"46","Inhibition",4,13,99,8,"S401"
"47","Inhibition",5,14,64,9,"S401"
"48","Inhibition",5,15,88,10,"S401"
"49","Inhibition",5,16,93,11,"S401"
"50","NBack",1,1,100,12,"S402"
"51","NBack",1,2,99,13,"S402"
"52","NBack",1,3,100,14,"S402"
"53","NBack",2,4,94,15,"S402"
"54","NBack",2,5,96,1,"S402"
"55","NBack",2,6,94,2,"S402"
"56","NBack",3,7,57,3,"S402"
"57","NBack",3,8,67,4,"S402"
"58","NBack",3,9,64,5,"S402"
"59","NBack",3,10,64,6,"S402"
"60","NBack",3,11,77,7,"S402"
"61","NBack",3,12,72,8,"S402"
"62","NBack",3,13,79,9,"S402"
"63","NBack",4,14,79,10,"S402"
"64","NBack",4,15,78,11,"S402"
"65","NBack",4,16,78,12,"S402"
"67","Switching",1,1,97,13,"S402"
"68","Switching",1,2,100,14,"S402"
"69","Switching",1,3,99,15,"S402"
"70","Switching",2,4,70,16,"S402"
"71","Switching",2,5,67,17,"S402"
"72","Switching",2,6,77,1,"S402"
"73","Switching",2,7,84,2,"S402"
"75","Switching",3,9,77,3,"S402"
"76","Switching",3,10,84,4,"S402"
"77","Switching",3,11,85,5,"S402"
"78","Switching",4,12,89,6,"S402"
"79","Switching",4,13,87,7,"S402"
"80","Switching",4,14,82,8,"S402"
"81","Switching",5,15,75,9,"S402"
"82","Switching",5,16,84,10,"S402"
"83","Inhibition",1,1,96,11,"S402"
"84","Inhibition",1,2,100,12,"S402"
"85","Inhibition",1,3,99,13,"S402"
"86","Inhibition",2,4,93,14,"S402"
"87","Inhibition",2,5,99,15,"S402"
"88","Inhibition",2,6,97,16,"S402"
"89","Inhibition",3,7,86,1,"S402"
"91","Inhibition",3,9,90,2,"S402"
"92","Inhibition",3,10,97,3,"S402"
"93","Inhibition",4,11,83,4,"S402"
"94","Inhibition",4,12,81,5,"S402"
"95","Inhibition",4,13,82,6,"S402"
"96","Inhibition",5,14,65,7,"S402"
"97","Inhibition",5,15,76,8,"S402"
"98","Inhibition",5,16,75,9,"S402"
"99","NBack",1,1,100,10,"S403"
"100","NBack",1,2,100,11,"S403"
"101","NBack",1,3,100,12,"S403"
"102","NBack",2,4,99,13,"S403"
"104","NBack",2,6,100,14,"S403"
"105","NBack",3,7,86,15,"S403"
"106","NBack",3,8,87,1,"S403"
"107","NBack",3,9,82,2,"S403"
"108","NBack",4,10,88,3,"S403"
"109","NBack",4,11,87,4,"S403"
"110","NBack",4,12,85,5,"S403"
"1111","NBack",5,13,86,6,"S403"
"1121","NBack",5,14,91,7,"S403"
"1141","NBack",5,16,86,8,"S403"
"116","Switching",1,1,99,9,"S403"
"117","Switching",1,2,97,10,"S403"
"118","Switching",1,3,100,11,"S403"
"119","Switching",2,4,87,12,"S403"
"120","Switching",2,5,83,13,"S403"
"122","Switching",2,7,83,14,"S403"
"123","Switching",3,8,93,15,"S403"
"124","Switching",3,9,87,16,"S403"
"125","Switching",3,10,96,1,"S403"
"126","Switching",4,11,92,2,"S403"
"127","Switching",4,12,91,3,"S403"
"128","Switching",4,13,94,4,"S403"
"129","Switching",5,14,85,5,"S403"
"130","Switching",5,15,89,6,"S403"
"131","Switching",5,16,88,7,"S403"
"132","Inhibition",1,1,100,8,"S403"
"133","Inhibition",1,2,100,9,"S403"
"134","Inhibition",1,3,99,10,"S403"
"135","Inhibition",2,4,100,11,"S403"
"138","Inhibition",3,7,93,12,"S403"
"139","Inhibition",3,8,99,13,"S403"
"140","Inhibition",3,9,98,14,"S403"
"141","Inhibition",4,10,99,15,"S403"
"142","Inhibition",4,11,98,16,"S403"
"143","Inhibition",4,12,97,1,"S403"
"144","Inhibition",5,13,96,2,"S403"
"1456","Inhibition",5,14,96,3,"S403"
"147","Inhibition",5,16,97,4,"S403"
"148","NBack",1,1,100,5,"S404"
"149","NBack",1,2,100,6,"S404"
"150","NBack",1,3,100,7,"S404"
"151","NBack",2,4,99,8,"S404"
"152","NBack",2,5,99,9,"S404"
"153","NBack",2,6,99,10,"S404"
"154","NBack",3,7,87,11,"S404"
"155","NBack",3,8,91,12,"S404"
"156","NBack",3,9,96,13,"S404"
"157","NBack",4,10,94,14,"S404"
"158","NBack",4,11,90,1,"S404"
"159","NBack",4,12,94,2,"S404"
"160","NBack",5,13,90,3,"S404"
"161","NBack",5,14,93,4,"S404"
"162","NBack",5,15,90,5,"S404"
"163","NBack",6,16,86,6,"S404"
"165","Switching",1,1,100,7,"S404"
"166","Switching",1,2,99,8,"S404"
"167","Switching",1,3,100,9,"S404"
"168","Switching",2,4,74,10,"S404"
"169","Switching",2,5,80,11,"S404"
"170","Switching",2,6,79,12,"S404"
"171","Switching",2,7,86,13,"S404"
"172","Switching",2,8,87,14,"S404"
"173","Switching",3,9,64,15,"S404"
"174","Switching",3,10,77,16,"S404"
"175","Switching",3,11,77,17,"S404"
"176","Switching",3,12,83,1,"S404"
"177","Switching",4,13,95,2,"S404"
"178","Switching",4,14,96,3,"S404"
"179","Switching",4,15,96,4,"S404"
"180","Switching",5,16,78,5,"S404"
"181","Inhibition",1,1,100,6,"S404"
"182","Inhibition",1,2,100,7,"S404"
"183","Inhibition",1,3,100,8,"S404"
"184","Inhibition",2,4,99,9,"S404"
"185","Inhibition",2,5,99,10,"S404"
"186","Inhibition",2,6,100,11,"S404"
"187","Inhibition",3,7,100,12,"S404"
"188","Inhibition",3,8,100,13,"S404"
"189","Inhibition",3,9,100,14,"S404"
"190","Inhibition",4,10,99,15,"S404"
"191","Inhibition",4,11,98,16,"S404"
"192","Inhibition",4,12,98,1,"S404"
"193","Inhibition",5,13,98,2,"S404"
"194","Inhibition",5,14,98,3,"S404"
"195","Inhibition",5,15,98,4,"S404"
"196","Inhibition",6,16,45,5,"S404"
"197","NBack",1,1,100,6,"S405"
"198","NBack",1,2,100,7,"S405"
"199","NBack",1,3,100,8,"S405"
"200","NBack",2,4,97,9,"S405"
"201","NBack",2,5,100,10,"S405"
"202","NBack",2,6,100,11,"S405"
"203","NBack",3,7,68,12,"S405"
"205","NBack",3,9,77,13,"S405"
"206","NBack",3,10,71,14,"S405"
"207","NBack",3,11,78,15,"S405"
"208","NBack",3,12,81,1,"S405"
"209","NBack",3,13,86,2,"S405"
"210","NBack",4,14,89,3,"S405"
"211","NBack",4,15,94,4,"S405"
"212","NBack",4,16,89,5,"S405"
"214","Switching",1,1,100,6,"S405"
"215","Switching",1,2,100,7,"S405"
"216","Switching",1,3,100,8,"S405"
"217","Switching",2,4,84,9,"S405"
"218","Switching",2,5,76,10,"S405"
"219","Switching",2,6,83,11,"S405"
"221","Switching",3,8,77,12,"S405"
"222","Switching",3,9,80,13,"S405"
"223","Switching",3,10,89,1,"S405"
"224","Switching",4,11,87,2,"S405"
"225","Switching",4,12,91,3,"S405"
"226","Switching",4,13,94,4,"S405"
"227","Switching",5,14,78,5,"S405"
"228","Switching",5,15,85,6,"S405"
"229","Switching",5,16,83,7,"S405"
"230","Inhibition",1,1,96,8,"S405"
"231","Inhibition",1,2,100,9,"S405"
"232","Inhibition",1,3,100,10,"S405"
"233","Inhibition",2,4,99,11,"S405"
"234","Inhibition",2,5,100,12,"S405"
"235","Inhibition",2,6,99,1,"S405"
"236","Inhibition",3,7,100,2,"S405"
"237","Inhibition",3,8,98,3,"S405"
"238","Inhibition",3,9,99,4,"S405"
"239","Inhibition",4,10,85,5,"S405"
"240","Inhibition",4,11,90,6,"S405"
"2416","Inhibition",4,12,88,7,"S405"
"242","Inhibition",5,13,63,8,"S405"
"243","Inhibition",5,14,55,9,"S405"
"244","Inhibition",5,15,68,10,"S405"
"245","Inhibition",5,16,66,11,"S405"
"246","NBack",1,1,100,12,"S406"
"248","NBack",1,3,100,13,"S406"
"249","NBack",2,4,93,1,"S406"
"250","NBack",2,5,99,2,"S406"
"251","NBack",2,6,100,3,"S406"
"252","NBack",3,7,88,4,"S406"
"253","NBack",3,8,86,5,"S406"
"254","NBack",3,9,96,6,"S406"
"256","NBack",4,11,96,7,"S406"
"257","NBack",4,12,93,8,"S406"
"258","NBack",4,13,92,9,"S406"
"259","NBack",5,14,81,10,"S406"
"260","NBack",5,15,88,11,"S406"
"261","NBack",5,16,83,12,"S406"
"264","Switching",1,2,99,13,"S406"
"265","Switching",1,3,99,14,"S406"
"266","Switching",2,4,80,15,"S406"
"267","Switching",2,5,83,16,"S406"
"268","Switching",2,6,90,1,"S406"
"269","Switching",2,7,81,2,"S406"
"270","Switching",3,8,94,3,"S406"
"272","Switching",3,10,91,4,"S406"
"273","Switching",3,11,96,5,"S406"
"274","Switching",4,12,91,6,"S406"
"275","Switching",4,13,81,7,"S406"
"276","Switching",4,14,95,8,"S406"
"277","Switching",5,15,89,9,"S406"
"278","Switching",5,16,93,10,"S406"
"279","Inhibition",1,1,99,11,"S406"
"280","Inhibition",1,2,100,12,"S406"
"281","Inhibition",1,3,100,13,"S406"
"282","Inhibition",2,4,97,14,"S406"
"283","Inhibition",2,5,99,15,"S406"
"284","Inhibition",2,6,97,16,"S406"
"285","Inhibition",3,7,96,1,"S406"
"286","Inhibition",3,8,98,2,"S406"
"287","Inhibition",3,9,100,3,"S406"
"288","Inhibition",4,10,97,4,"S406"
"2896","Inhibition",4,11,98,5,"S406"
"290","Inhibition",4,12,98,6,"S406"
"291","Inhibition",5,13,96,7,"S406"
"292","Inhibition",5,14,96,8,"S406"
"293","Inhibition",5,15,95,9,"S406"
"294","Inhibition",6,16,54,10,"S406"
"295","NBack",1,1,99,11,"S407"
"296","NBack",1,2,99,12,"S407"
"297","NBack",1,3,100,13,"S407"
"298","NBack",2,4,99,14,"S407"
"299","NBack",2,5,99,15,"S407"
"300","NBack",2,6,100,16,"S407"
"302","NBack",3,8,93,1,"S407"
"303","NBack",3,9,96,2,"S407"
"304","NBack",3,10,95,3,"S407"
"305","NBack",3,11,99,4,"S407"
"306","NBack",4,12,89,5,"S407"
"307","NBack",4,13,90,6,"S407"
"308","NBack",4,14,89,7,"S407"
"309","NBack",5,15,88,8,"S407"
"310","NBack",5,16,83,9,"S407"
"312","Switching",1,1,93,10,"S407"
"313","Switching",1,2,99,11,"S407"
"314","Switching",1,3,99,1,"S407"
"315","Switching",2,4,76,2,"S407"
"316","Switching",2,5,86,3,"S407"
"317","Switching",2,6,89,4,"S407"
"318","Switching",2,7,86,5,"S407"
"319","Switching",3,8,90,6,"S407"
"320","Switching",3,9,94,7,"S407"
"321","Switching",3,10,93,8,"S407"
"322","Switching",3,11,93,9,"S407"
"323","Switching",4,12,87,10,"S407"
"324","Switching",4,13,86,11,"S407"
"325","Switching",4,14,87,12,"S407"
"326","Switching",5,15,89,1,"S407"
"327","Switching",5,16,91,2,"S407"
"328","Inhibition",1,1,100,3,"S407"
"329","Inhibition",1,2,100,4,"S407"
"330","Inhibition",1,3,100,5,"S407"
"331","Inhibition",2,4,100,6,"S407"
"332","Inhibition",2,5,100,7,"S407"
"333","Inhibition",2,6,100,8,"S407"
"335","Inhibition",3,8,100,9,"S407"
"336","Inhibition",3,9,99,10,"S407"
"337","Inhibition",3,10,100,11,"S407"
"338","Inhibition",4,11,97,1,"S407"
"339","Inhibition",4,12,100,2,"S407"
"340","Inhibition",4,13,98,3,"S407"
"341","Inhibition",5,14,97,4,"S407"
"342","Inhibition",5,15,96,5,"S407"
"343","Inhibition",5,16,98,6,"S407"
"344","NBack",1,1,99,7,"S408"
"345","NBack",1,2,100,8,"S408"
"346","NBack",1,3,100,9,"S408"
"347","NBack",2,4,100,10,"S408"
"348","NBack",2,5,100,11,"S408"
"349","NBack",2,6,99,12,"S408"
"350","NBack",3,7,72,13,"S408"
"351","NBack",3,8,84,14,"S408"
"352","NBack",3,9,96,15,"S408"
"353","NBack",4,10,83,1,"S408"
"354","NBack",4,11,89,2,"S408"
"355","NBack",4,12,88,3,"S408"
"356","NBack",5,13,88,4,"S408"
"357","NBack",5,14,85,5,"S408"
"358","NBack",5,15,82,6,"S408"
"359","NBack",5,16,72,7,"S408"
"3616","Switching",1,1,97,8,"S408"
"362","Switching",1,2,100,9,"S408"
"363","Switching",1,3,100,10,"S408"
"364","Switching",2,4,77,11,"S408"
"365","Switching",2,5,83,12,"S408"
"366","Switching",2,6,81,13,"S408"
"367","Switching",2,7,84,14,"S408"
"368","Switching",3,8,90,1,"S408"
"369","Switching",3,9,91,2,"S408"
"370","Switching",3,10,90,3,"S408"
"371","Switching",4,11,90,4,"S408"
"372","Switching",4,12,87,5,"S408"
"373","Switching",4,13,87,6,"S408"
"374","Switching",5,14,81,7,"S408"
"375","Switching",5,15,87,8,"S408"
"376","Switching",5,16,80,9,"S408"
"377","Inhibition",1,1,100,10,"S408"
"378","Inhibition",1,2,100,11,"S408"
"379","Inhibition",1,3,100,12,"S408"
"380","Inhibition",2,4,99,13,"S408"
"381","Inhibition",2,5,97,14,"S408"
"382","Inhibition",2,6,100,15,"S408"
"383","Inhibition",3,7,94,1,"S408"
"384","Inhibition",3,8,100,2,"S408"
"385","Inhibition",3,9,99,3,"S408"
"386","Inhibition",4,10,94,4,"S408"
"387","Inhibition",4,11,91,5,"S408"
"388","Inhibition",4,12,95,6,"S408"
"389","Inhibition",5,13,95,7,"S408"
"390","Inhibition",5,14,95,8,"S408"
"391","Inhibition",5,15,98,9,"S408"
"392","Inhibition",6,16,63,10,"S408"
"393","NBack",1,1,98,11,"S025"
"394","NBack",1,2,100,12,"S025"
"395","NBack",1,3,97,1,"S025"
"396","NBack",2,4,100,2,"S025"
"397","NBack",2,5,99,3,"S025"
"398","NBack",2,6,96,4,"S025"
"399","NBack",3,7,69,5,"S025"
"400","NBack",3,8,65,6,"S025"
"401","NBack",3,9,66,7,"S025"
"402","NBack",3,10,82,8,"S025"
"403","NBack",3,11,79,9,"S025"
"404","NBack",3,12,74,10,"S025"
"405","NBack",3,13,76,11,"S025"
"406","NBack",3,14,85,12,"S025"
"407","NBack",3,15,83,13,"S025"
"408","NBack",4,16,78,1,"S025"
"409","NBack",4,17,85,2,"S025"
"410","Switching",1,1,99,3,"S025"
"411","Switching",1,2,93,4,"S025"
"412","Switching",2,3,60,5,"S025"
"413","Switching",2,4,66,6,"S025"
"414","Switching",2,5,87,7,"S025"
"415","Switching",2,6,80,8,"S025"
"416","Switching",3,7,64,9,"S025"
"417","Switching",3,8,71,10,"S025"
"418","Switching",3,9,89,11,"S025"
"419","Switching",3,10,84,12,"S025"
"420","Switching",3,11,89,13,"S025"
"421","Switching",4,12,82,1,"S025"
"422","Switching",4,13,89,2,"S025"
"423","Switching",4,14,94,3,"S025"
"424","Switching",5,15,77,4,"S025"
"425","Switching",5,16,74,5,"S025"
"426","Inhibition",1,1,99,6,"S025"
"427","Inhibition",1,2,100,7,"S025"
"428","Inhibition",2,3,99,8,"S025"
"429","Inhibition",2,4,100,9,"S025"
"430","Inhibition",3,5,89,10,"S025"
"431","Inhibition",3,6,97,11,"S025"
"432","Inhibition",3,7,95,12,"S025"
"4336","Inhibition",4,8,91,13,"S025"
"434","Inhibition",4,9,94,14,"S025"
"435","Inhibition",4,10,93,15,"S025"
"436","Inhibition",5,11,83,1,"S025"
"437","Inhibition",5,12,87,2,"S025"
"438","Inhibition",5,13,84,3,"S025"
"439","Inhibition",6,14,38,4,"S025"
"440","Inhibition",6,15,38,5,"S025"
"442","NBack",1,1,100,6,"S026"
"443","NBack",1,2,100,7,"S026"
"444","NBack",1,3,96,8,"S026"
"445","NBack",2,4,100,9,"S026"
"446","NBack",2,5,97,10,"S026"
"447","NBack",2,6,93,11,"S026"
"448","NBack",3,7,79,12,"S026"
"449","NBack",3,8,77,13,"S026"
"450","NBack",3,9,78,14,"S026"
"451","NBack",3,10,85,15,"S026"
"452","NBack",3,11,87,16,"S026"
"453","NBack",4,12,83,1,"S026"
"454","NBack",4,13,84,2,"S026"
"455","NBack",4,14,86,3,"S026"
"456","NBack",4,15,94,4,"S026"
"457","NBack",5,16,85,5,"S026"
"458","NBack",5,17,77,6,"S026"
"459","Switching",1,1,100,7,"S026"
"460","Switching",1,2,100,8,"S026"
"461","Switching",2,3,80,9,"S026"
"462","Switching",2,4,81,10,"S026"
"463","Switching",2,5,87,11,"S026"
"464","Switching",2,6,86,12,"S026"
"465","Switching",3,7,91,13,"S026"
"466","Switching",3,8,94,14,"S026"
"467","Switching",3,9,97,15,"S026"
"468","Switching",3,10,96,1,"S026"
"469","Switching",3,11,98,2,"S026"
"470","Switching",4,12,99,3,"S026"
"471","Switching",4,13,94,4,"S026"
"472","Switching",4,14,99,5,"S026"
"473","Switching",5,15,96,6,"S026"
"474","Switching",5,16,80,7,"S026"
"475","Inhibition",1,1,99,8,"S026"
"476","Inhibition",1,2,100,9,"S026"
"477","Inhibition",2,3,97,10,"S026"
"478","Inhibition",2,4,99,11,"S026"
"479","Inhibition",3,5,99,12,"S026"
"480","Inhibition",3,6,99,13,"S026"
"4812","Inhibition",3,7,99,14,"S026"
"4825","Inhibition",4,8,88,15,"S026"
"483","Inhibition",4,9,95,16,"S026"
"484","Inhibition",4,10,98,1,"S026"
"485","Inhibition",5,11,86,2,"S026"
"486","Inhibition",5,12,85,3,"S026"
"487","Inhibition",5,13,94,4,"S026"
"488","Inhibition",6,14,58,5,"S026"
"489","Inhibition",6,15,59,6,"S026"
"491","NBack",1,1,100,7,"S028"
"492","NBack",1,2,100,8,"S028"
"493","NBack",1,3,97,9,"S028"
"494","NBack",2,4,100,10,"S028"
"495","NBack",2,5,99,11,"S028"
"496","NBack",2,6,93,12,"S028"
"497","NBack",3,7,72,13,"S028"
"498","NBack",3,8,91,14,"S028"
"499","NBack",3,9,83,1,"S028"
"500","NBack",3,10,90,2,"S028"
"501","NBack",3,11,80,3,"S028"
"503","NBack",4,13,89,4,"S028"
"504","NBack",4,14,88,5,"S028"
"505","NBack",4,15,84,6,"S028"
"506","NBack",5,16,95,7,"S028"
"507","NBack",5,17,93,8,"S028"
"508","Switching",1,1,100,9,"S028"
"509","Switching",1,2,100,10,"S028"
"510","Switching",2,3,81,11,"S028"
"511","Switching",2,4,83,12,"S028"
"512","Switching",2,5,79,13,"S028"
"513","Switching",2,6,80,1,"S028"
"514","Switching",3,7,87,2,"S028"
"515","Switching",3,8,96,3,"S028"
"516","Switching",3,9,92,4,"S028"
"517","Switching",3,10,95,5,"S028"
"518","Switching",4,11,91,6,"S028"
"519","Switching",4,12,97,7,"S028"
"520","Switching",4,13,95,8,"S028"
"521","Switching",5,14,91,9,"S028"
"522","Switching",5,15,91,10,"S028"
"523","Switching",5,16,89,11,"S028"
"524","Inhibition",1,1,100,12,"S028"
"525","Inhibition",1,2,100,13,"S028"
"526","Inhibition",2,3,96,14,"S028"
"527","Inhibition",2,4,100,1,"S028"
"528","Inhibition",3,5,98,2,"S028"
"529","Inhibition",3,6,97,3,"S028"
"530","Inhibition",3,7,99,4,"S028"
"531","Inhibition",4,8,88,5,"S028"
"532","Inhibition",4,9,97,6,"S028"
"534","Inhibition",5,11,93,7,"S028"
"535","Inhibition",5,12,96,8,"S028"
"536","Inhibition",5,13,96,9,"S028"
"537","Inhibition",6,14,82,10,"S028"
"538","Inhibition",6,15,84,11,"S028"
"540","NBack",1,1,100,12,"S030"
"541","NBack",1,2,100,13,"S030"
"542","NBack",1,3,96,14,"S030"
"543","NBack",2,4,92,15,"S030"
"544","NBack",2,5,91,1,"S030"
"545","NBack",2,6,96,2,"S030"
"546","NBack",3,7,62,3,"S030"
"547","NBack",3,8,74,4,"S030"
"548","NBack",3,9,69,5,"S030"
"549","NBack",3,10,80,6,"S030"
"550","NBack",3,11,71,7,"S030"
"551","NBack",3,12,68,8,"S030"
"552","NBack",3,13,63,9,"S030"
"553","NBack",3,14,63,10,"S030"
"554","NBack",3,15,68,11,"S030"
"555","NBack",3,16,68,12,"S030"
"556","NBack",3,17,73,13,"S030"
"557","Switching",1,1,97,14,"S030"
"558","Switching",1,2,97,15,"S030"
"559","Switching",2,3,53,1,"S030"
"560","Switching",2,4,69,2,"S030"
"561","Switching",2,5,70,3,"S030"
"562","Switching",2,6,69,4,"S030"
"563","Switching",2,7,64,5,"S030"
"564","Switching",2,8,71,6,"S030"
"565","Switching",2,9,84,7,"S030"
"566","Switching",2,10,74,8,"S030"
"567","Switching",2,11,91,9,"S030"
"568","Switching",3,12,86,10,"S030"
"569","Switching",3,13,93,11,"S030"
"570","Switching",3,14,93,12,"S030"
"571","Switching",4,15,93,13,"S030"
"572","Switching",4,16,91,14,"S030"
"573","Inhibition",1,1,99,15,"S030"
"574","Inhibition",1,2,100,16,"S030"
"575","Inhibition",2,3,100,1,"S030"
"576","Inhibition",2,4,99,2,"S030"
"5774","Inhibition",3,5,99,3,"S030"
"5783","Inhibition",3,6,97,4,"S030"
"579","Inhibition",3,7,98,5,"S030"
"580","Inhibition",4,8,94,6,"S030"
"581","Inhibition",4,9,82,7,"S030"
"582","Inhibition",4,10,93,8,"S030"
"583","Inhibition",5,11,78,9,"S030"
"584","Inhibition",5,12,87,10,"S030"
"585","Inhibition",5,13,79,11,"S030"
"586","Inhibition",6,14,29,12,"S030"
"587","Inhibition",6,15,35,13,"S030"
"589","NBack",1,1,100,14,"S055"
"590","NBack",1,2,100,15,"S055"
"591","NBack",1,3,100,1,"S055"
"592","NBack",2,4,99,2,"S055"
"593","NBack",2,5,100,3,"S055"
"597","NBack",3,9,89,4,"S055"
"598","NBack",4,10,79,5,"S055"
"599","NBack",4,11,91,6,"S055"
"600","NBack",4,12,95,7,"S055"
"6011","NBack",5,13,87,8,"S055"
"6026","NBack",5,14,91,9,"S055"
"603","NBack",5,15,87,10,"S055"
"604","NBack",6,16,86,11,"S055"
"606","Switching",1,1,91,12,"S055"
"607","Switching",1,2,100,13,"S055"
"608","Switching",1,3,100,14,"S055"
"609","Switching",2,4,90,15,"S055"
"613","Switching",2,8,83,1,"S055"
"614","Switching",3,9,93,2,"S055"
"615","Switching",3,10,94,3,"S055"
"616","Switching",3,11,93,4,"S055"
"617","Switching",4,12,91,5,"S055"
"618","Switching",4,13,96,6,"S055"
"619","Switching",4,14,95,7,"S055"
"620","Switching",4,15,90,8,"S055"
"622","Inhibition",1,1,100,9,"S055"
"623","Inhibition",1,2,100,10,"S055"
"624","Inhibition",1,3,100,11,"S055"
"625","Inhibition",2,4,100,12,"S055"
"626","Inhibition",2,5,100,13,"S055"
"629","Inhibition",3,8,98,14,"S055"
"630","Inhibition",3,9,94,1,"S055"
"631","Inhibition",4,10,97,2,"S055"
"632","Inhibition",4,11,98,3,"S055"
"633","Inhibition",4,12,100,4,"S055"
"634","Inhibition",5,13,96,5,"S055"
"635","Inhibition",5,14,96,6,"S055"
"636","Inhibition",5,15,95,7,"S055"
"638","NBack",1,1,100,8,"S058"
"639","NBack",1,2,100,9,"S058"
"640","NBack",1,3,100,10,"S058"
"641","NBack",2,4,98,11,"S058"
"642","NBack",2,5,100,12,"S058"
"643","NBack",2,6,100,13,"S058"
"644","NBack",3,7,85,14,"S058"
"645","NBack",3,8,84,15,"S058"
"646","NBack",3,9,88,1,"S058"
"647","NBack",4,10,87,2,"S058"
"648","NBack",4,11,91,3,"S058"
"649","NBack",4,12,90,4,"S058"
"650","NBack",5,13,90,5,"S058"
"651","NBack",5,14,93,6,"S058"
"652","NBack",5,15,89,7,"S058"
"653","NBack",6,16,89,8,"S058"
"655","Switching",1,1,99,9,"S058"
"656","Switching",1,2,100,10,"S058"
"657","Switching",1,3,100,11,"S058"
"658","Switching",2,4,83,12,"S058"
"659","Switching",2,5,86,13,"S058"
"660","Switching",2,6,94,1,"S058"
"661","Switching",3,7,90,2,"S058"
"662","Switching",3,8,80,3,"S058"
"663","Switching",3,9,93,4,"S058"
"664","Switching",4,10,91,5,"S058"
"665","Switching",4,11,95,6,"S058"
"666","Switching",4,12,93,7,"S058"
"667","Switching",5,13,83,8,"S058"
"668","Switching",5,14,85,9,"S058"
"669","Switching",5,15,90,10,"S058"
"670","Switching",6,16,88,11,"S058"
"671","Inhibition",1,1,100,12,"S058"
"672","Inhibition",1,2,100,13,"S058"
"673","Inhibition",1,3,99,14,"S058"
"674","Inhibition",2,4,100,15,"S058"
"675","Inhibition",2,5,100,16,"S058"
"676","Inhibition",2,6,100,1,"S058"
"677","Inhibition",3,7,96,2,"S058"
"678","Inhibition",3,8,98,3,"S058"
"679","Inhibition",3,9,100,4,"S058"
"680","Inhibition",4,10,96,5,"S058"
"681","Inhibition",4,11,96,6,"S058"
"682","Inhibition",4,12,96,7,"S058"
"683","Inhibition",5,13,82,8,"S058"
"684","Inhibition",5,14,91,9,"S058"
"685","Inhibition",5,15,85,10,"S058"
"686","Inhibition",6,16,48,11,"S058"
"687","NBack",1,1,100,12,"S059"
"688","NBack",1,2,100,13,"S059"
"689","NBack",1,3,100,14,"S059"
"690","NBack",2,4,100,15,"S059"
"691","NBack",2,5,100,16,"S059"
"692","NBack",2,6,97,1,"S059"
"694","NBack",2,8,83,2,"S059"
"695","NBack",2,9,88,3,"S059"
"696","NBack",3,10,93,4,"S059"
"697","NBack",3,11,97,5,"S059"
"698","NBack",3,12,96,6,"S059"
"704","Switching",1,1,100,7,"S059"
"705","Switching",1,2,99,8,"S059"
"706","Switching",1,3,99,9,"S059"
"707","Switching",2,4,89,10,"S059"
"708","Switching",2,5,91,11,"S059"
"709","Switching",2,6,89,12,"S059"
"710","Switching",3,7,87,13,"S059"
"711","Switching",3,8,97,14,"S059"
"712","Switching",3,9,94,15,"S059"
"713","Switching",4,10,96,16,"S059"
"714","Switching",4,11,94,1,"S059"
"715","Switching",4,12,95,2,"S059"
"720","Inhibition",1,1,100,3,"S059"
"7217","Inhibition",1,2,100,4,"S059"
"7221","Inhibition",1,3,100,5,"S059"
"723","Inhibition",2,4,100,6,"S059"
"724","Inhibition",2,5,100,7,"S059"
"725","Inhibition",2,6,100,8,"S059"
"727","Inhibition",3,8,99,9,"S059"
"728","Inhibition",3,9,99,10,"S059"
"729","Inhibition",4,10,100,11,"S059"
"730","Inhibition",4,11,98,12,"S059"
"731","Inhibition",4,12,99,13,"S059"
"736","NBack",1,1,100,14,"S061"
"737","NBack",1,2,100,15,"S061"
"738","NBack",1,3,99,1,"S061"
"739","NBack",2,4,97,2,"S061"
"740","NBack",2,5,100,3,"S061"
"741","NBack",2,6,100,4,"S061"
"742","NBack",3,7,86,5,"S061"
"743","NBack",3,8,85,6,"S061"
"744","NBack",3,9,88,7,"S061"
"746","NBack",4,11,91,8,"S061"
"747","NBack",4,12,90,9,"S061"
"748","NBack",4,13,94,10,"S061"
"749","NBack",5,14,92,11,"S061"
"750","NBack",5,15,92,12,"S061"
"751","NBack",5,16,88,13,"S061"
"753","Switching",1,1,77,14,"S061"
"754","Switching",1,2,100,15,"S061"
"755","Switching",1,3,100,1,"S061"
"756","Switching",2,4,80,2,"S061"
"757","Switching",2,5,74,3,"S061"
"758","Switching",2,6,80,4,"S061"
"759","Switching",2,7,77,5,"S061"
"762","Switching",2,10,70,6,"S061"
"763","Switching",2,11,70,7,"S061"
"764","Switching",2,12,79,8,"S061"
"765","Switching",2,13,81,9,"S061"
"766","Switching",2,14,84,10,"S061"
"767","Switching",3,15,60,11,"S061"
"768","Switching",3,16,76,12,"S061"
"769","Inhibition",1,1,100,13,"S061"
"770","Inhibition",1,2,100,14,"S061"
"771","Inhibition",1,3,100,15,"S061"
"772","Inhibition",2,4,99,16,"S061"
"773","Inhibition",2,5,100,1,"S061"
"774","Inhibition",2,6,100,2,"S061"
"775","Inhibition",3,7,89,3,"S061"
"777","Inhibition",3,9,93,4,"S061"
"778","Inhibition",4,10,82,5,"S061"
"779","Inhibition",4,11,82,6,"S061"
"780","Inhibition",4,12,87,7,"S061"
"781","Inhibition",5,13,66,8,"S061"
"782","Inhibition",5,14,65,9,"S061"
"783","Inhibition",5,15,74,10,"S061"
"784","Inhibition",5,16,42,11,"S061"
"785","NBack",1,1,100,12,"S065"
"786","NBack",1,2,99,13,"S065"
"787","NBack",1,3,100,14,"S065"
"788","NBack",2,4,99,1,"S065"
"789","NBack",2,5,84,2,"S065"
"790","NBack",2,6,100,3,"S065"
"791","NBack",3,7,82,4,"S065"
"792","NBack",3,8,84,5,"S065"
"793","NBack",3,9,83,6,"S065"
"794","NBack",4,10,90,7,"S065"
"799","NBack",4,15,80,8,"S065"
"800","NBack",4,16,86,9,"S065"
"802","Switching",1,1,90,10,"S065"
"803","Switching",1,2,99,11,"S065"
"804","Switching",1,3,99,12,"S065"
"805","Switching",2,4,74,13,"S065"
"806","Switching",2,5,69,14,"S065"
"807","Switching",2,6,67,1,"S065"
"808","Switching",2,7,76,2,"S065"
"809","Switching",2,8,77,3,"S065"
"810","Switching",2,9,80,4,"S065"
"811","Switching",2,10,73,5,"S065"
"815","Switching",2,14,70,6,"S065"
"816","Switching",2,15,83,7,"S065"
"817","Switching",2,16,79,8,"S065"
"818","Inhibition",1,1,100,9,"S065"
"819","Inhibition",1,2,99,10,"S065"
"820","Inhibition",1,3,100,11,"S065"
"821","Inhibition",2,4,99,12,"S065"
"822","Inhibition",2,5,100,13,"S065"
"823","Inhibition",2,6,99,14,"S065"
"824","Inhibition",3,7,100,15,"S065"
"825","Inhibition",3,8,97,16,"S065"
"826","Inhibition",3,9,99,1,"S065"
"827","Inhibition",4,10,95,2,"S065"
"831","Inhibition",4,14,95,3,"S065"
"832","Inhibition",4,15,95,4,"S065"
"833","Inhibition",5,16,82,5,"S065"
"834","NBack",1,1,100,6,"S067"
"835","NBack",1,2,100,7,"S067"
"836","NBack",1,3,100,8,"S067"
"837","NBack",2,4,100,9,"S067"
"838","NBack",2,5,100,10,"S067"
"839","NBack",2,6,100,11,"S067"
"840","NBack",3,7,87,12,"S067"
"841","NBack",3,8,84,13,"S067"
"8427","NBack",3,9,90,14,"S067"
"843","NBack",4,10,85,15,"S067"
"845","NBack",4,12,87,1,"S067"
"846","NBack",4,13,86,2,"S067"
"847","NBack",5,14,93,3,"S067"
"848","NBack",5,15,94,4,"S067"
"849","NBack",5,16,93,5,"S067"
"851","Switching",1,1,96,6,"S067"
"852","Switching",1,2,99,7,"S067"
"853","Switching",1,3,99,8,"S067"
"854","Switching",2,4,71,9,"S067"
"855","Switching",2,5,80,10,"S067"
"856","Switching",2,6,83,11,"S067"
"857","Switching",2,7,77,12,"S067"
"858","Switching",2,8,80,13,"S067"
"859","Switching",2,9,81,14,"S067"
"860","Switching",2,10,79,15,"S067"
"861","Switching",2,11,87,16,"S067"
"862","Switching",3,12,59,1,"S067"
"863","Switching",3,13,67,2,"S067"
"864","Switching",3,14,86,3,"S067"
"8652","Switching",3,15,94,4,"S067"
"8668","Switching",3,16,90,5,"S067"
"867","Inhibition",1,1,96,6,"S067"
"868","Inhibition",1,2,100,7,"S067"
"869","Inhibition",1,3,100,8,"S067"
"870","Inhibition",2,4,100,9,"S067"
"871","Inhibition",2,5,99,10,"S067"
"872","Inhibition",2,6,97,11,"S067"
"873","Inhibition",3,7,80,12,"S067"
"874","Inhibition",3,8,87,13,"S067"
"875","Inhibition",3,9,87,14,"S067"
"876","Inhibition",4,10,80,15,"S067"
"878","Inhibition",4,12,77,1,"S067"
"879","Inhibition",4,13,85,2,"S067"
"880","Inhibition",5,14,58,3,"S067"
"881","Inhibition",5,15,76,4,"S067"
"882","Inhibition",5,16,60,5,"S067"
"883","NBack",1,1,100,6,"S069"
"884","NBack",1,2,100,7,"S069"
"885","NBack",1,3,100,8,"S069"
"886","NBack",2,4,100,9,"S069"
"887","NBack",2,5,100,10,"S069"
"888","NBack",2,6,100,11,"S069"
"889","NBack",3,7,84,12,"S069"
"890","NBack",3,8,82,13,"S069"
"891","NBack",3,9,86,14,"S069"
"892","NBack",4,10,98,15,"S069"
"893","NBack",4,11,97,16,"S069"
"894","NBack",4,12,100,1,"S069"
"895","NBack",5,13,91,2,"S069"
"896","NBack",5,14,98,3,"S069"
"897","NBack",5,15,87,4,"S069"
"898","NBack",6,16,81,5,"S069"
"900","Switching",1,1,99,6,"S069"
"901","Switching",1,2,100,7,"S069"
"902","Switching",1,3,100,8,"S069"
"903","Switching",2,4,81,9,"S069"
"904","Switching",2,5,87,10,"S069"
"906","Switching",3,7,84,11,"S069"
"907","Switching",3,8,79,12,"S069"
"908","Switching",3,9,91,13,"S069"
"909","Switching",4,10,93,14,"S069"
"910","Switching",4,11,89,15,"S069"
"911","Switching",4,12,90,16,"S069"
"912","Switching",5,13,81,1,"S069"
"913","Switching",5,14,89,2,"S069"
"914","Switching",5,15,82,3,"S069"
"916","Inhibition",1,1,100,4,"S069"
"917","Inhibition",1,2,100,5,"S069"
"919","Inhibition",2,4,100,6,"S069"
"920","Inhibition",2,5,100,7,"S069"
"922","Inhibition",3,7,92,8,"S069"
"923","Inhibition",3,8,94,9,"S069"
"924","Inhibition",3,9,95,10,"S069"
"925","Inhibition",4,10,85,11,"S069"
"926","Inhibition",4,11,88,12,"S069"
"927","Inhibition",4,12,93,13,"S069"
"928","Inhibition",5,13,68,14,"S069"
"929","Inhibition",5,14,67,15,"S069"
"930","Inhibition",5,15,85,16,"S069"
